student_id,student_name,batch,course_enrolled,enrollment_date,current_module,mentor_id
STU0001,Himani Pillai,BATCH-2023-A,CRS013,2023-02-10,8,MNT004
STU0002,Gauri Agarwal,BATCH-2023-B,CRS011,2023-08-11,10,MNT022
STU0003,Bhargav Srinivasan,BATCH-2024-A,CRS009,2024-02-07,12,MNT022
STU0004,Kartik Banerjee,BATCH-2024-B,CRS016,2024-07-19,6,MNT027
STU0005,Piyush Mishra,BATCH-2023-A,CRS003,2023-01-20,5,MNT004
STU0006,Ekta Kumar,BATCH-2023-B,CRS012,2023-09-04,8,MNT018
STU0007,Uday Hegde,BATCH-2024-A,CRS002,2024-02-21,6,MNT018
STU0008,Waqar Banerjee,BATCH-2024-B,CRS011,2024-08-26,5,MNT014
STU0009,Neha Kumar,BATCH-2023-A,CRS012,2023-03-11,8,MNT025
STU0010,Aditi Reddy,BATCH-2023-B,CRS014,2023-09-08,6,MNT002
STU0011,Kriti Choudhury,BATCH-2024-A,CRS010,2024-02-22,10,MNT012
STU0012,Deeksha Sharma,BATCH-2024-B,CRS004,2024-08-20,6,MNT007
STU0013,Kunal Verma,BATCH-2023-A,CRS005,2023-02-26,8,MNT008
STU0014,Aishwarya Srinivasan,BATCH-2023-B,CRS004,2023-08-06,6,MNT012
STU0015,Madhav Pillai,BATCH-2024-A,CRS004,2024-03-03,6,MNT019
STU0016,Hema Singh,BATCH-2024-B,CRS008,2024-09-04,6,MNT028
STU0017,Yashika Das,BATCH-2023-A,CRS018,2023-03-05,8,MNT020
STU0018,Megha Kumar,BATCH-2023-B,CRS018,2023-07-16,8,MNT030
STU0019,Daksh Pillai,BATCH-2024-A,CRS009,2024-01-16,12,MNT009
STU0020,Tanya Reddy,BATCH-2024-B,CRS010,2024-09-11,6,MNT012
STU0021,Pallavi Gupta,BATCH-2023-A,CRS001,2023-01-26,8,MNT019
STU0022,Uday Agarwal,BATCH-2023-B,CRS013,2023-07-19,8,MNT024
STU0023,Zara Kumar,BATCH-2024-A,CRS001,2024-01-20,8,MNT017
STU0024,Rohit Nair,BATCH-2024-B,CRS007,2024-08-08,7,MNT015
STU0025,Kriti Hegde,BATCH-2023-A,CRS011,2023-01-25,10,MNT010
STU0026,Kriti Banerjee,BATCH-2023-B,CRS011,2023-09-02,10,MNT020
STU0027,Rashmi Rao,BATCH-2024-A,CRS003,2024-03-11,5,MNT005
STU0028,Rohit Kumar,BATCH-2024-B,CRS006,2024-09-01,7,MNT002
STU0029,Ankit Singh,BATCH-2023-A,CRS003,2023-02-01,5,MNT022
STU0030,Dhruv Kumar,BATCH-2023-B,CRS014,2023-08-15,6,MNT015
STU0031,Esha Pillai,BATCH-2024-A,CRS014,2024-02-01,6,MNT025
STU0032,Ritika Iyer,BATCH-2024-B,CRS017,2024-07-22,6,MNT014
STU0033,Siddharth Gupta,BATCH-2023-A,CRS004,2023-02-02,6,MNT022
STU0034,Piyush Agarwal,BATCH-2023-B,CRS019,2023-08-15,6,MNT022
STU0035,Vaishnavi Reddy,BATCH-2024-A,CRS010,2024-01-17,10,MNT013
STU0036,Bhargav Nair,BATCH-2024-B,CRS020,2024-07-18,4,MNT007
STU0037,Zara Reddy,BATCH-2023-A,CRS010,2023-01-28,10,MNT025
STU0038,Mohan Agarwal,BATCH-2023-B,CRS009,2023-08-02,12,MNT004
STU0039,Nikhil Das,BATCH-2024-A,CRS001,2024-02-15,8,MNT014
STU0040,Nikhil Kumar,BATCH-2024-B,CRS006,2024-07-23,8,MNT018
STU0041,Ojasvi Kumar,BATCH-2023-A,CRS008,2023-02-16,6,MNT027
STU0042,Rohit Hegde,BATCH-2023-B,CRS012,2023-07-19,8,MNT028
STU0043,Zara Das,BATCH-2024-A,CRS002,2024-02-11,6,MNT015
STU0044,Siddharth Agarwal,BATCH-2024-B,CRS003,2024-09-08,5,MNT019
STU0045,Vivek Srinivasan,BATCH-2023-A,CRS014,2023-02-20,6,MNT023
STU0046,Rashmi Verma,BATCH-2023-B,CRS014,2023-08-02,6,MNT013
STU0047,Janvi Kumar,BATCH-2024-A,CRS001,2024-02-04,8,MNT026
STU0048,Bhumika Agarwal,BATCH-2024-B,CRS020,2024-08-13,4,MNT030
STU0049,Bhargav Kumar,BATCH-2023-A,CRS012,2023-01-20,8,MNT028
STU0050,Nishant Singh,BATCH-2023-B,CRS004,2023-07-30,6,MNT019
STU0051,Janvi Rao,BATCH-2024-A,CRS013,2024-02-17,8,MNT013
STU0052,Kunal Sharma,BATCH-2024-B,CRS010,2024-08-31,6,MNT008
STU0053,Bhargav Iyer,BATCH-2023-A,CRS011,2023-03-05,10,MNT003
STU0054,Akash Joshi,BATCH-2023-B,CRS017,2023-08-24,6,MNT017
STU0055,Soham Gupta,BATCH-2024-A,CRS017,2024-01-27,6,MNT012
STU0056,Arjun Rao,BATCH-2024-B,CRS005,2024-07-30,7,MNT005
STU0057,Janvi Das,BATCH-2023-A,CRS009,2023-01-27,12,MNT020
STU0058,Eshwar Choudhury,BATCH-2023-B,CRS005,2023-09-01,8,MNT003
STU0059,Ritika Joshi,BATCH-2024-A,CRS006,2024-03-15,10,MNT016
STU0060,Vaishnavi Verma,BATCH-2024-B,CRS015,2024-09-01,7,MNT025
STU0061,Chaitanya Menon,BATCH-2023-A,CRS019,2023-02-12,6,MNT030
STU0062,Madhav Menon,BATCH-2023-B,CRS019,2023-08-25,6,MNT020
STU0063,Nikhil Singh,BATCH-2024-A,CRS011,2024-03-10,10,MNT011
STU0064,Diya Banerjee,BATCH-2024-B,CRS005,2024-08-12,6,MNT016
STU0065,Neha Hegde,BATCH-2023-A,CRS015,2023-02-24,10,MNT026
STU0066,Kartik Das,BATCH-2023-B,CRS009,2023-08-21,12,MNT012
STU0067,Ankit Verma,BATCH-2024-A,CRS017,2024-01-19,6,MNT015
STU0068,Rohit Reddy,BATCH-2024-B,CRS015,2024-07-17,7,MNT012
STU0069,Pranav Pillai,BATCH-2023-A,CRS010,2023-01-19,10,MNT028
STU0070,Daksh Agarwal,BATCH-2023-B,CRS003,2023-08-23,5,MNT017
STU0071,Pallavi Reddy,BATCH-2024-A,CRS013,2024-02-13,8,MNT018
STU0072,Ishaan Rao,BATCH-2024-B,CRS002,2024-08-12,6,MNT021
STU0073,Vivek Iyer,BATCH-2023-A,CRS007,2023-02-04,8,MNT016
STU0074,Nikhil Reddy,BATCH-2023-B,CRS017,2023-07-24,6,MNT015
STU0075,Nikhil Mishra,BATCH-2024-A,CRS004,2024-03-06,6,MNT023
STU0076,Aditi Pillai,BATCH-2024-B,CRS003,2024-08-16,5,MNT006
STU0077,Chaitanya Das,BATCH-2023-A,CRS002,2023-01-30,6,MNT015
STU0078,Charvi Iyer,BATCH-2023-B,CRS015,2023-08-17,10,MNT020
STU0079,Ishaan Srinivasan,BATCH-2024-A,CRS006,2024-02-07,10,MNT030
STU0080,Himani Choudhury,BATCH-2024-B,CRS010,2024-08-08,7,MNT025
STU0081,Bhumika Menon,BATCH-2023-A,CRS011,2023-02-27,10,MNT002
STU0082,Dhruv Srinivasan,BATCH-2023-B,CRS011,2023-07-19,10,MNT004
STU0083,Ankit Joshi,BATCH-2024-A,CRS018,2024-02-27,8,MNT010
STU0084,Daksh Menon,BATCH-2024-B,CRS009,2024-08-30,7,MNT030
STU0085,Jayant Menon,BATCH-2023-A,CRS020,2023-03-11,4,MNT011
STU0086,Chaitanya Sharma,BATCH-2023-B,CRS003,2023-08-21,5,MNT005
STU0087,Tanisha Banerjee,BATCH-2024-A,CRS012,2024-02-03,8,MNT023
STU0088,Girish Kumar,BATCH-2024-B,CRS013,2024-07-23,8,MNT023
STU0089,Yashika Banerjee,BATCH-2023-A,CRS003,2023-02-03,5,MNT013
STU0090,Mansi Rao,BATCH-2023-B,CRS011,2023-09-05,10,MNT022
STU0091,Rohit Menon,BATCH-2024-A,CRS017,2024-01-20,6,MNT022
STU0092,Zara Iyer,BATCH-2024-B,CRS014,2024-08-16,6,MNT001
STU0093,Pallavi Banerjee,BATCH-2023-A,CRS012,2023-02-03,8,MNT007
STU0094,Soham Das,BATCH-2023-B,CRS011,2023-09-13,10,MNT007
STU0095,Farhan Reddy,BATCH-2024-A,CRS008,2024-01-23,6,MNT003
STU0096,Charvi Das,BATCH-2024-B,CRS010,2024-09-07,5,MNT017
STU0097,Falguni Sharma,BATCH-2023-A,CRS018,2023-03-09,8,MNT029
STU0098,Nikhil Agarwal,BATCH-2023-B,CRS017,2023-07-17,6,MNT011
STU0099,Bhumika Sharma,BATCH-2024-A,CRS020,2024-01-23,4,MNT013
STU0100,Himani Reddy,BATCH-2024-B,CRS005,2024-07-25,7,MNT027
STU0101,Himani Sharma,BATCH-2023-A,CRS020,2023-03-07,4,MNT024
STU0102,Bhavya Nair,BATCH-2023-B,CRS015,2023-07-17,10,MNT012
STU0103,Nikhil Hegde,BATCH-2024-A,CRS008,2024-02-12,6,MNT010
STU0104,Uday Patel,BATCH-2024-B,CRS015,2024-07-29,9,MNT008
STU0105,Aarav Choudhury,BATCH-2023-A,CRS010,2023-03-07,10,MNT029
STU0106,Falguni Das,BATCH-2023-B,CRS007,2023-08-07,8,MNT019
STU0107,Varun Pillai,BATCH-2024-A,CRS015,2024-02-13,10,MNT025
STU0108,Keerthi Banerjee,BATCH-2024-B,CRS013,2024-08-16,8,MNT014
STU0109,Tanisha Kumar,BATCH-2023-A,CRS006,2023-03-08,10,MNT026
STU0110,Madhav Patel,BATCH-2023-B,CRS020,2023-07-23,4,MNT002
STU0111,Utkarsh Choudhury,BATCH-2024-A,CRS016,2024-03-10,6,MNT018
STU0112,Farhan Kumar,BATCH-2024-B,CRS004,2024-08-29,6,MNT028
STU0113,Nishant Kumar,BATCH-2023-A,CRS004,2023-02-02,6,MNT025
STU0114,Mohan Singh,BATCH-2023-B,CRS006,2023-08-01,10,MNT029
STU0115,Ankit Agarwal,BATCH-2024-A,CRS017,2024-01-24,6,MNT003
STU0116,Zara Gupta,BATCH-2024-B,CRS008,2024-09-05,6,MNT029
STU0117,Siddharth Singh,BATCH-2023-A,CRS012,2023-03-15,8,MNT014
STU0118,Madhav Verma,BATCH-2023-B,CRS002,2023-08-09,6,MNT012
STU0119,Vivek Menon,BATCH-2024-A,CRS008,2024-02-08,6,MNT012
STU0120,Keerthi Rao,BATCH-2024-B,CRS008,2024-07-16,6,MNT030
STU0121,Vivek Singh,BATCH-2023-A,CRS004,2023-03-09,6,MNT021
STU0122,Trisha Mishra,BATCH-2023-B,CRS011,2023-09-03,10,MNT005
STU0123,Trisha Hegde,BATCH-2024-A,CRS002,2024-02-02,6,MNT023
STU0124,Jayant Srinivasan,BATCH-2024-B,CRS005,2024-09-01,7,MNT016
STU0125,Eshwar Pillai,BATCH-2023-A,CRS015,2023-02-23,10,MNT029
STU0126,Ankit Mishra,BATCH-2023-B,CRS003,2023-07-16,5,MNT007
STU0127,Aishwarya Sharma,BATCH-2024-A,CRS005,2024-02-19,8,MNT020
STU0128,Rohit Iyer,BATCH-2024-B,CRS017,2024-08-11,6,MNT025
STU0129,Neha Rao,BATCH-2023-A,CRS010,2023-01-30,10,MNT004
STU0130,Trisha Menon,BATCH-2023-B,CRS002,2023-07-30,6,MNT021
STU0131,Kartik Kumar,BATCH-2024-A,CRS020,2024-02-13,4,MNT004
STU0132,Tanya Nair,BATCH-2024-B,CRS016,2024-08-22,6,MNT001
STU0133,Chaitanya Singh,BATCH-2023-A,CRS017,2023-02-20,6,MNT023
STU0134,Jayant Nair,BATCH-2023-B,CRS005,2023-08-02,8,MNT001
STU0135,Girish Choudhury,BATCH-2024-A,CRS020,2024-02-06,4,MNT019
STU0136,Bhavya Hegde,BATCH-2024-B,CRS014,2024-07-26,6,MNT022
STU0137,Aditi Agarwal,BATCH-2023-A,CRS003,2023-02-17,5,MNT003
STU0138,Tanisha Singh,BATCH-2023-B,CRS017,2023-08-18,6,MNT026
STU0139,Kartik Verma,BATCH-2024-A,CRS017,2024-02-19,6,MNT013
STU0140,Pranav Hegde,BATCH-2024-B,CRS016,2024-07-17,6,MNT013
STU0141,Daksh Gupta,BATCH-2023-A,CRS012,2023-01-31,8,MNT001
STU0142,Ekta Menon,BATCH-2023-B,CRS012,2023-09-03,8,MNT012
STU0143,Aarav Joshi,BATCH-2024-A,CRS008,2024-03-01,6,MNT021
STU0144,Aarav Das,BATCH-2024-B,CRS004,2024-09-02,6,MNT024
STU0145,Siddharth Srinivasan,BATCH-2023-A,CRS011,2023-01-23,10,MNT012
STU0146,Deeksha Agarwal,BATCH-2023-B,CRS018,2023-08-05,8,MNT006
STU0147,Shivam Joshi,BATCH-2024-A,CRS015,2024-02-28,10,MNT021
STU0148,Pranav Singh,BATCH-2024-B,CRS006,2024-09-04,5,MNT003
STU0149,Yash Banerjee,BATCH-2023-A,CRS015,2023-01-17,10,MNT007
STU0150,Gagandeep Das,BATCH-2023-B,CRS002,2023-09-03,6,MNT029
STU0151,Soham Srinivasan,BATCH-2024-A,CRS002,2024-02-04,6,MNT017
STU0152,Farhan Pillai,BATCH-2024-B,CRS013,2024-09-05,7,MNT016
STU0153,Diya Patel,BATCH-2023-A,CRS009,2023-01-17,12,MNT007
STU0154,Neha Reddy,BATCH-2023-B,CRS010,2023-08-06,10,MNT028
STU0155,Ojasvi Das,BATCH-2024-A,CRS011,2024-02-01,10,MNT026
STU0156,Shivam Kumar,BATCH-2024-B,CRS012,2024-08-11,7,MNT024
STU0157,Pranav Das,BATCH-2023-A,CRS015,2023-03-13,10,MNT011
STU0158,Ekta Rao,BATCH-2023-B,CRS006,2023-08-15,10,MNT016
STU0159,Hema Reddy,BATCH-2024-A,CRS012,2024-03-14,8,MNT009
STU0160,Pallavi Patel,BATCH-2024-B,CRS003,2024-08-30,5,MNT003
STU0161,Tanya Agarwal,BATCH-2023-A,CRS014,2023-02-22,6,MNT018
STU0162,Bhavya Agarwal,BATCH-2023-B,CRS010,2023-08-04,10,MNT003
STU0163,Kunal Patel,BATCH-2024-A,CRS011,2024-02-26,10,MNT010
STU0164,Yashika Reddy,BATCH-2024-B,CRS015,2024-08-22,7,MNT014
STU0165,Girish Joshi,BATCH-2023-A,CRS006,2023-02-28,10,MNT012
STU0166,Siddharth Mishra,BATCH-2023-B,CRS015,2023-07-17,10,MNT028
STU0167,Aarav Patel,BATCH-2024-A,CRS012,2024-02-23,8,MNT009
STU0168,Janvi Sharma,BATCH-2024-B,CRS002,2024-07-19,6,MNT021
STU0169,Ishaan Sharma,BATCH-2023-A,CRS013,2023-02-07,8,MNT026
STU0170,Utkarsh Agarwal,BATCH-2023-B,CRS006,2023-09-13,10,MNT005
STU0171,Trisha Iyer,BATCH-2024-A,CRS020,2024-02-27,4,MNT002
STU0172,Chirag Agarwal,BATCH-2024-B,CRS005,2024-07-19,7,MNT025
STU0173,Akash Banerjee,BATCH-2023-A,CRS012,2023-02-07,8,MNT019
STU0174,Aditi Mishra,BATCH-2023-B,CRS002,2023-08-22,6,MNT022
STU0175,Bhumika Reddy,BATCH-2024-A,CRS015,2024-03-15,10,MNT012
STU0176,Tanisha Nair,BATCH-2024-B,CRS015,2024-09-01,5,MNT019
STU0177,Falguni Agarwal,BATCH-2023-A,CRS005,2023-02-17,8,MNT013
STU0178,Utkarsh Verma,BATCH-2023-B,CRS011,2023-08-25,10,MNT008
STU0179,Falguni Hegde,BATCH-2024-A,CRS004,2024-01-16,6,MNT006
STU0180,Waqar Gupta,BATCH-2024-B,CRS016,2024-08-17,6,MNT030
STU0181,Ritika Das,BATCH-2023-A,CRS018,2023-01-22,8,MNT025
STU0182,Megha Gupta,BATCH-2023-B,CRS009,2023-08-29,12,MNT007
STU0183,Omkar Rao,BATCH-2024-A,CRS020,2024-02-02,4,MNT030
STU0184,Eshwar Mishra,BATCH-2024-B,CRS016,2024-07-27,6,MNT005
STU0185,Yash Pillai,BATCH-2023-A,CRS003,2023-02-12,5,MNT029
STU0186,Piyush Hegde,BATCH-2023-B,CRS015,2023-07-20,10,MNT028
STU0187,Lavanya Patel,BATCH-2024-A,CRS011,2024-02-26,10,MNT023
STU0188,Ekta Choudhury,BATCH-2024-B,CRS003,2024-08-19,5,MNT010
STU0189,Ishaan Singh,BATCH-2023-A,CRS010,2023-03-10,10,MNT023
STU0190,Akash Nair,BATCH-2023-B,CRS006,2023-09-03,10,MNT017
STU0191,Chaitanya Gupta,BATCH-2024-A,CRS008,2024-01-22,6,MNT026
STU0192,Falguni Iyer,BATCH-2024-B,CRS005,2024-07-30,8,MNT001
STU0193,Madhav Das,BATCH-2023-A,CRS012,2023-02-19,8,MNT012
STU0194,Isha Patel,BATCH-2023-B,CRS015,2023-09-04,10,MNT005
STU0195,Bhargav Mishra,BATCH-2024-A,CRS020,2024-03-11,4,MNT003
STU0196,Deeksha Choudhury,BATCH-2024-B,CRS010,2024-08-09,8,MNT024
STU0197,Farhan Singh,BATCH-2023-A,CRS016,2023-02-17,6,MNT025
STU0198,Soham Choudhury,BATCH-2023-B,CRS014,2023-09-05,6,MNT003
STU0199,Himani Das,BATCH-2024-A,CRS005,2024-02-04,8,MNT003
STU0200,Aarav Rao,BATCH-2024-B,CRS015,2024-08-13,8,MNT017
STU0201,Chaitanya Pillai,BATCH-2023-A,CRS012,2023-01-23,8,MNT021
STU0202,Madhav Iyer,BATCH-2023-B,CRS019,2023-07-26,6,MNT014
STU0203,Nishant Patel,BATCH-2024-A,CRS017,2024-03-13,6,MNT027
STU0204,Bhargav Choudhury,BATCH-2024-B,CRS004,2024-08-17,6,MNT010
STU0205,Sahil Agarwal,BATCH-2023-A,CRS006,2023-01-25,10,MNT030
STU0206,Gauri Singh,BATCH-2023-B,CRS008,2023-08-06,6,MNT029
STU0207,Aditi Nair,BATCH-2024-A,CRS010,2024-03-09,10,MNT009
STU0208,Tanya Joshi,BATCH-2024-B,CRS007,2024-08-24,7,MNT009
STU0209,Aditya Patel,BATCH-2023-A,CRS005,2023-02-24,8,MNT020
STU0210,Omkar Nair,BATCH-2023-B,CRS018,2023-07-20,8,MNT021
STU0211,Lakshay Choudhury,BATCH-2024-A,CRS006,2024-02-21,10,MNT005
STU0212,Madhav Singh,BATCH-2024-B,CRS006,2024-08-26,7,MNT024
STU0213,Farhan Nair,BATCH-2023-A,CRS020,2023-02-05,4,MNT002
STU0214,Nikhil Gupta,BATCH-2023-B,CRS001,2023-07-20,8,MNT021
STU0215,Trisha Patel,BATCH-2024-A,CRS019,2024-01-31,6,MNT007
STU0216,Vaishnavi Nair,BATCH-2024-B,CRS019,2024-08-10,6,MNT021
STU0217,Diya Srinivasan,BATCH-2023-A,CRS001,2023-02-15,8,MNT018
STU0218,Jayant Choudhury,BATCH-2023-B,CRS010,2023-08-25,10,MNT016
STU0219,Waqar Hegde,BATCH-2024-A,CRS008,2024-03-06,6,MNT013
STU0220,Bhumika Verma,BATCH-2024-B,CRS010,2024-08-13,6,MNT023
STU0221,Shivam Pillai,BATCH-2023-A,CRS002,2023-01-25,6,MNT014
STU0222,Kriti Sharma,BATCH-2023-B,CRS016,2023-08-13,6,MNT011
STU0223,Waqar Srinivasan,BATCH-2024-A,CRS020,2024-01-24,4,MNT028
STU0224,Uday Menon,BATCH-2024-B,CRS011,2024-08-30,6,MNT013
STU0225,Trisha Sharma,BATCH-2023-A,CRS005,2023-03-04,8,MNT017
STU0226,Charvi Agarwal,BATCH-2023-B,CRS018,2023-07-21,8,MNT008
STU0227,Bhargav Agarwal,BATCH-2024-A,CRS015,2024-01-22,10,MNT015
STU0228,Gauri Menon,BATCH-2024-B,CRS008,2024-07-24,6,MNT002
STU0229,Yashika Kumar,BATCH-2023-A,CRS010,2023-02-08,10,MNT014
STU0230,Ishaan Joshi,BATCH-2023-B,CRS008,2023-09-14,6,MNT027
STU0231,Falguni Menon,BATCH-2024-A,CRS011,2024-03-14,10,MNT024
STU0232,Janvi Gupta,BATCH-2024-B,CRS011,2024-07-27,7,MNT016
STU0233,Farhan Verma,BATCH-2023-A,CRS017,2023-02-13,6,MNT029
STU0234,Trisha Reddy,BATCH-2023-B,CRS010,2023-08-15,10,MNT003
STU0235,Shivam Choudhury,BATCH-2024-A,CRS013,2024-02-16,8,MNT008
STU0236,Shivam Srinivasan,BATCH-2024-B,CRS007,2024-08-21,7,MNT002
STU0237,Kriti Iyer,BATCH-2023-A,CRS002,2023-02-02,6,MNT020
STU0238,Ojasvi Verma,BATCH-2023-B,CRS016,2023-08-02,6,MNT001
STU0239,Hema Verma,BATCH-2024-A,CRS004,2024-02-11,6,MNT029
STU0240,Pallavi Iyer,BATCH-2024-B,CRS009,2024-08-30,6,MNT025
STU0241,Lakshay Verma,BATCH-2023-A,CRS013,2023-02-07,8,MNT013
STU0242,Bhumika Singh,BATCH-2023-B,CRS002,2023-08-20,6,MNT007
STU0243,Siddharth Das,BATCH-2024-A,CRS012,2024-02-19,8,MNT003
STU0244,Vivek Patel,BATCH-2024-B,CRS013,2024-08-16,7,MNT025
STU0245,Esha Hegde,BATCH-2023-A,CRS018,2023-02-01,8,MNT022
STU0246,Dhruv Choudhury,BATCH-2023-B,CRS020,2023-07-22,4,MNT004
STU0247,Sahil Reddy,BATCH-2024-A,CRS013,2024-02-07,8,MNT018
STU0248,Bhavya Das,BATCH-2024-B,CRS012,2024-09-01,5,MNT007
STU0249,Megha Mishra,BATCH-2023-A,CRS020,2023-02-16,4,MNT017
STU0250,Omkar Das,BATCH-2023-B,CRS002,2023-07-17,6,MNT005
STU0251,Falguni Mishra,BATCH-2024-A,CRS011,2024-03-06,10,MNT017
STU0252,Sahil Patel,BATCH-2024-B,CRS015,2024-07-24,9,MNT029
STU0253,Rashmi Pillai,BATCH-2023-A,CRS017,2023-01-23,6,MNT030
STU0254,Kunal Singh,BATCH-2023-B,CRS020,2023-08-04,4,MNT013
STU0255,Bhavya Srinivasan,BATCH-2024-A,CRS020,2024-03-02,4,MNT019
STU0256,Nishant Joshi,BATCH-2024-B,CRS011,2024-08-16,8,MNT018
STU0257,Ojasvi Singh,BATCH-2023-A,CRS016,2023-03-01,6,MNT010
STU0258,Madhav Nair,BATCH-2023-B,CRS016,2023-09-05,6,MNT012
STU0259,Utkarsh Iyer,BATCH-2024-A,CRS011,2024-02-27,10,MNT014
STU0260,Falguni Joshi,BATCH-2024-B,CRS019,2024-08-03,6,MNT028
STU0261,Vaishnavi Das,BATCH-2023-A,CRS001,2023-02-22,8,MNT009
STU0262,Megha Menon,BATCH-2023-B,CRS019,2023-08-20,6,MNT024
STU0263,Nishant Agarwal,BATCH-2024-A,CRS002,2024-02-21,6,MNT006
STU0264,Aditi Banerjee,BATCH-2024-B,CRS017,2024-08-24,6,MNT020
STU0265,Bhavya Sharma,BATCH-2023-A,CRS013,2023-01-24,8,MNT008
STU0266,Ritika Kumar,BATCH-2023-B,CRS002,2023-08-20,6,MNT004
STU0267,Harsh Srinivasan,BATCH-2024-A,CRS007,2024-01-16,8,MNT011
STU0268,Kriti Srinivasan,BATCH-2024-B,CRS014,2024-07-24,6,MNT023
STU0269,Himani Joshi,BATCH-2023-A,CRS007,2023-02-10,8,MNT025
STU0270,Harsh Choudhury,BATCH-2023-B,CRS020,2023-09-11,4,MNT028
STU0271,Lavanya Choudhury,BATCH-2024-A,CRS002,2024-02-29,6,MNT017
STU0272,Trisha Joshi,BATCH-2024-B,CRS007,2024-08-19,7,MNT022
STU0273,Aditya Agarwal,BATCH-2023-A,CRS016,2023-02-17,6,MNT011
STU0274,Ishaan Das,BATCH-2023-B,CRS006,2023-08-13,10,MNT011
STU0275,Kunal Reddy,BATCH-2024-A,CRS018,2024-02-06,8,MNT025
STU0276,Kriti Rao,BATCH-2024-B,CRS009,2024-08-23,6,MNT007
STU0277,Kriti Das,BATCH-2023-A,CRS008,2023-02-01,6,MNT010
STU0278,Akash Sharma,BATCH-2023-B,CRS008,2023-09-13,6,MNT025
STU0279,Rashmi Iyer,BATCH-2024-A,CRS010,2024-02-29,10,MNT023
STU0280,Ankit Srinivasan,BATCH-2024-B,CRS016,2024-08-04,6,MNT012
STU0281,Kartik Choudhury,BATCH-2023-A,CRS018,2023-03-15,8,MNT009
STU0282,Hema Hegde,BATCH-2023-B,CRS010,2023-07-22,10,MNT022
STU0283,Himani Kumar,BATCH-2024-A,CRS018,2024-02-08,8,MNT027
STU0284,Daksh Iyer,BATCH-2024-B,CRS012,2024-09-14,4,MNT010
STU0285,Omkar Menon,BATCH-2023-A,CRS002,2023-02-02,6,MNT003
STU0286,Harsh Sharma,BATCH-2023-B,CRS012,2023-09-12,8,MNT021
STU0287,Madhav Joshi,BATCH-2024-A,CRS009,2024-03-02,12,MNT007
STU0288,Aditya Das,BATCH-2024-B,CRS007,2024-09-05,7,MNT009
STU0289,Trisha Agarwal,BATCH-2023-A,CRS018,2023-02-28,8,MNT005
STU0290,Aditi Rao,BATCH-2023-B,CRS004,2023-08-23,6,MNT019
STU0291,Esha Gupta,BATCH-2024-A,CRS008,2024-01-30,6,MNT022
STU0292,Vivek Agarwal,BATCH-2024-B,CRS017,2024-07-29,6,MNT008
STU0293,Mohan Srinivasan,BATCH-2023-A,CRS002,2023-01-21,6,MNT011
STU0294,Diya Menon,BATCH-2023-B,CRS016,2023-07-21,6,MNT025
STU0295,Waqar Iyer,BATCH-2024-A,CRS005,2024-01-15,8,MNT030
STU0296,Harsh Singh,BATCH-2024-B,CRS006,2024-08-10,8,MNT030
STU0297,Dhruv Iyer,BATCH-2023-A,CRS016,2023-02-14,6,MNT007
STU0298,Chirag Srinivasan,BATCH-2023-B,CRS010,2023-08-04,10,MNT021
STU0299,Bhumika Nair,BATCH-2024-A,CRS002,2024-03-13,6,MNT021
STU0300,Tanisha Hegde,BATCH-2024-B,CRS019,2024-07-29,6,MNT024
STU0301,Waqar Verma,BATCH-2023-A,CRS002,2023-03-14,6,MNT014
STU0302,Chirag Gupta,BATCH-2023-B,CRS006,2023-09-12,10,MNT027
STU0303,Madhav Reddy,BATCH-2024-A,CRS013,2024-03-05,8,MNT006
STU0304,Chirag Banerjee,BATCH-2024-B,CRS010,2024-09-09,5,MNT001
STU0305,Soham Rao,BATCH-2023-A,CRS010,2023-02-20,10,MNT004
STU0306,Bhumika Srinivasan,BATCH-2023-B,CRS011,2023-08-02,10,MNT021
STU0307,Falguni Banerjee,BATCH-2024-A,CRS018,2024-02-17,8,MNT029
STU0308,Sahil Singh,BATCH-2024-B,CRS005,2024-09-07,7,MNT015
STU0309,Aishwarya Das,BATCH-2023-A,CRS009,2023-01-27,12,MNT011
STU0310,Jatin Menon,BATCH-2023-B,CRS006,2023-08-30,10,MNT021
STU0311,Aishwarya Agarwal,BATCH-2024-A,CRS009,2024-02-29,12,MNT001
STU0312,Mohan Iyer,BATCH-2024-B,CRS011,2024-09-03,6,MNT019
STU0313,Ishaan Gupta,BATCH-2023-A,CRS007,2023-01-26,8,MNT028
STU0314,Utkarsh Pillai,BATCH-2023-B,CRS013,2023-09-05,8,MNT017
STU0315,Kunal Mishra,BATCH-2024-A,CRS011,2024-01-20,10,MNT022
STU0316,Bhumika Banerjee,BATCH-2024-B,CRS004,2024-07-26,6,MNT016
STU0317,Aditi Srinivasan,BATCH-2023-A,CRS011,2023-03-15,10,MNT001
STU0318,Ojasvi Banerjee,BATCH-2023-B,CRS009,2023-08-08,12,MNT015
STU0319,Pranav Choudhury,BATCH-2024-A,CRS009,2024-02-05,12,MNT019
STU0320,Yash Choudhury,BATCH-2024-B,CRS019,2024-07-15,6,MNT021
STU0321,Kunal Choudhury,BATCH-2023-A,CRS012,2023-02-28,8,MNT002
STU0322,Varun Iyer,BATCH-2023-B,CRS004,2023-08-13,6,MNT006
STU0323,Jatin Joshi,BATCH-2024-A,CRS013,2024-02-27,8,MNT030
STU0324,Uday Kumar,BATCH-2024-B,CRS010,2024-08-28,5,MNT021
STU0325,Mohan Verma,BATCH-2023-A,CRS010,2023-02-07,10,MNT008
STU0326,Lavanya Sharma,BATCH-2023-B,CRS008,2023-09-14,6,MNT016
STU0327,Yash Menon,BATCH-2024-A,CRS005,2024-02-13,8,MNT020
STU0328,Yashika Verma,BATCH-2024-B,CRS012,2024-08-10,8,MNT018
STU0329,Kriti Menon,BATCH-2023-A,CRS016,2023-03-04,6,MNT026
STU0330,Piyush Banerjee,BATCH-2023-B,CRS007,2023-09-01,8,MNT022
STU0331,Bhargav Menon,BATCH-2024-A,CRS020,2024-03-10,4,MNT017
STU0332,Girish Rao,BATCH-2024-B,CRS015,2024-08-17,8,MNT012
STU0333,Ishaan Iyer,BATCH-2023-A,CRS003,2023-03-14,5,MNT004
STU0334,Janvi Hegde,BATCH-2023-B,CRS002,2023-09-06,6,MNT029
STU0335,Ekta Hegde,BATCH-2024-A,CRS017,2024-01-27,6,MNT018
STU0336,Isha Kumar,BATCH-2024-B,CRS005,2024-07-25,8,MNT028
STU0337,Pranav Agarwal,BATCH-2023-A,CRS017,2023-02-12,6,MNT022
STU0338,Aditi Kumar,BATCH-2023-B,CRS007,2023-08-29,8,MNT016
STU0339,Tanisha Rao,BATCH-2024-A,CRS003,2024-03-12,5,MNT015
STU0340,Kriti Gupta,BATCH-2024-B,CRS002,2024-08-13,6,MNT017
STU0341,Yashika Menon,BATCH-2023-A,CRS014,2023-02-13,6,MNT002
STU0342,Ojasvi Choudhury,BATCH-2023-B,CRS018,2023-08-13,8,MNT026
STU0343,Rohit Sharma,BATCH-2024-A,CRS010,2024-03-01,10,MNT013
STU0344,Rashmi Choudhury,BATCH-2024-B,CRS009,2024-09-05,5,MNT024
STU0345,Tanisha Agarwal,BATCH-2023-A,CRS007,2023-02-21,8,MNT002
STU0346,Nishant Sharma,BATCH-2023-B,CRS014,2023-08-06,6,MNT003
STU0347,Vivek Hegde,BATCH-2024-A,CRS018,2024-01-18,8,MNT030
STU0348,Piyush Kumar,BATCH-2024-B,CRS016,2024-07-17,6,MNT014
STU0349,Omkar Agarwal,BATCH-2023-A,CRS006,2023-03-05,10,MNT025
STU0350,Varun Agarwal,BATCH-2023-B,CRS014,2023-08-07,6,MNT015
STU0351,Esha Mishra,BATCH-2024-A,CRS013,2024-02-08,8,MNT022
STU0352,Omkar Srinivasan,BATCH-2024-B,CRS018,2024-07-23,8,MNT028
STU0353,Gagandeep Rao,BATCH-2023-A,CRS012,2023-01-22,8,MNT018
STU0354,Vivek Joshi,BATCH-2023-B,CRS013,2023-08-17,8,MNT024
STU0355,Charvi Banerjee,BATCH-2024-A,CRS008,2024-03-08,6,MNT025
STU0356,Trisha Das,BATCH-2024-B,CRS001,2024-09-15,5,MNT015
STU0357,Tanya Singh,BATCH-2023-A,CRS018,2023-02-11,8,MNT013
STU0358,Keerthi Mishra,BATCH-2023-B,CRS008,2023-07-30,6,MNT012
STU0359,Aditya Nair,BATCH-2024-A,CRS005,2024-02-01,8,MNT030
STU0360,Hema Joshi,BATCH-2024-B,CRS004,2024-07-17,6,MNT014
STU0361,Diya Nair,BATCH-2023-A,CRS020,2023-03-05,4,MNT008
STU0362,Aditya Iyer,BATCH-2023-B,CRS007,2023-07-19,8,MNT020
STU0363,Shivam Sharma,BATCH-2024-A,CRS002,2024-02-12,6,MNT022
STU0364,Isha Hegde,BATCH-2024-B,CRS002,2024-07-30,6,MNT002
STU0365,Esha Agarwal,BATCH-2023-A,CRS013,2023-02-12,8,MNT018
STU0366,Vaishnavi Sharma,BATCH-2023-B,CRS007,2023-09-01,8,MNT005
STU0367,Ojasvi Rao,BATCH-2024-A,CRS017,2024-02-02,6,MNT027
STU0368,Aditi Choudhury,BATCH-2024-B,CRS019,2024-08-04,6,MNT020
STU0369,Arjun Joshi,BATCH-2023-A,CRS011,2023-01-30,10,MNT029
STU0370,Pallavi Kumar,BATCH-2023-B,CRS005,2023-08-26,8,MNT008
STU0371,Pranav Kumar,BATCH-2024-A,CRS014,2024-02-03,6,MNT002
STU0372,Bhavya Banerjee,BATCH-2024-B,CRS018,2024-09-13,6,MNT029
STU0373,Vivek Rao,BATCH-2023-A,CRS006,2023-02-24,10,MNT014
STU0374,Trisha Gupta,BATCH-2023-B,CRS018,2023-08-15,8,MNT012
STU0375,Aditya Menon,BATCH-2024-A,CRS013,2024-03-05,8,MNT011
STU0376,Harsh Menon,BATCH-2024-B,CRS014,2024-08-10,6,MNT010
STU0377,Ritika Agarwal,BATCH-2023-A,CRS013,2023-01-26,8,MNT016
STU0378,Isha Reddy,BATCH-2023-B,CRS008,2023-09-07,6,MNT010
STU0379,Lavanya Agarwal,BATCH-2024-A,CRS005,2024-03-06,8,MNT030
STU0380,Ankit Nair,BATCH-2024-B,CRS002,2024-08-19,6,MNT014
STU0381,Hema Banerjee,BATCH-2023-A,CRS018,2023-02-17,8,MNT013
STU0382,Omkar Reddy,BATCH-2023-B,CRS008,2023-07-31,6,MNT011
STU0383,Aditya Joshi,BATCH-2024-A,CRS003,2024-03-14,5,MNT028
STU0384,Diya Joshi,BATCH-2024-B,CRS012,2024-07-20,8,MNT024
STU0385,Omkar Gupta,BATCH-2023-A,CRS007,2023-01-18,8,MNT013
STU0386,Bhumika Pillai,BATCH-2023-B,CRS020,2023-08-22,4,MNT028
STU0387,Vivek Kumar,BATCH-2024-A,CRS003,2024-01-27,5,MNT024
STU0388,Mansi Das,BATCH-2024-B,CRS018,2024-07-28,8,MNT007
STU0389,Arjun Sharma,BATCH-2023-A,CRS011,2023-02-03,10,MNT007
STU0390,Neha Agarwal,BATCH-2023-B,CRS007,2023-09-14,8,MNT004
STU0391,Akash Srinivasan,BATCH-2024-A,CRS016,2024-03-13,6,MNT023
STU0392,Chaitanya Choudhury,BATCH-2024-B,CRS020,2024-08-29,4,MNT013
STU0393,Trisha Pillai,BATCH-2023-A,CRS008,2023-02-19,6,MNT025
STU0394,Gauri Rao,BATCH-2023-B,CRS010,2023-08-08,10,MNT018
STU0395,Pallavi Mishra,BATCH-2024-A,CRS012,2024-02-03,8,MNT012
STU0396,Eshwar Joshi,BATCH-2024-B,CRS017,2024-09-09,6,MNT015
STU0397,Himani Hegde,BATCH-2023-A,CRS004,2023-03-07,6,MNT016
STU0398,Diya Hegde,BATCH-2023-B,CRS011,2023-09-11,10,MNT012
STU0399,Jayant Patel,BATCH-2024-A,CRS011,2024-02-10,10,MNT019
STU0400,Utkarsh Gupta,BATCH-2024-B,CRS008,2024-08-31,5,MNT001
STU0401,Dhruv Nair,BATCH-2023-A,CRS009,2023-02-19,12,MNT019
STU0402,Mohan Pillai,BATCH-2023-B,CRS014,2023-08-02,6,MNT007
STU0403,Jayant Banerjee,BATCH-2024-A,CRS011,2024-01-29,10,MNT019
STU0404,Charvi Rao,BATCH-2024-B,CRS008,2024-08-15,6,MNT021
STU0405,Arjun Kumar,BATCH-2023-A,CRS011,2023-01-31,10,MNT024
STU0406,Gagandeep Sharma,BATCH-2023-B,CRS016,2023-08-13,6,MNT024
STU0407,Nikhil Banerjee,BATCH-2024-A,CRS012,2024-01-25,8,MNT024
STU0408,Varun Srinivasan,BATCH-2024-B,CRS018,2024-08-15,6,MNT030
STU0409,Rashmi Joshi,BATCH-2023-A,CRS018,2023-02-25,8,MNT017
STU0410,Arjun Singh,BATCH-2023-B,CRS002,2023-09-06,6,MNT027
STU0411,Varun Patel,BATCH-2024-A,CRS002,2024-03-03,6,MNT014
STU0412,Ritika Pillai,BATCH-2024-B,CRS005,2024-09-06,7,MNT008
STU0413,Ishaan Reddy,BATCH-2023-A,CRS003,2023-03-01,5,MNT001
STU0414,Neha Singh,BATCH-2023-B,CRS007,2023-08-16,8,MNT012
STU0415,Yashika Pillai,BATCH-2024-A,CRS002,2024-02-23,6,MNT022
STU0416,Ritika Menon,BATCH-2024-B,CRS020,2024-09-11,4,MNT022
STU0417,Mansi Sharma,BATCH-2023-A,CRS016,2023-01-16,6,MNT018
STU0418,Ritika Mishra,BATCH-2023-B,CRS018,2023-08-10,8,MNT001
STU0419,Lavanya Kumar,BATCH-2024-A,CRS017,2024-03-01,6,MNT018
STU0420,Ishaan Choudhury,BATCH-2024-B,CRS010,2024-07-16,9,MNT027
STU0421,Farhan Iyer,BATCH-2023-A,CRS014,2023-03-07,6,MNT004
STU0422,Megha Reddy,BATCH-2023-B,CRS004,2023-08-17,6,MNT008
STU0423,Aishwarya Joshi,BATCH-2024-A,CRS007,2024-02-23,8,MNT009
STU0424,Lavanya Singh,BATCH-2024-B,CRS012,2024-08-01,7,MNT003
STU0425,Vivek Choudhury,BATCH-2023-A,CRS012,2023-02-09,8,MNT019
STU0426,Dhruv Rao,BATCH-2023-B,CRS008,2023-08-28,6,MNT010
STU0427,Tanya Banerjee,BATCH-2024-A,CRS003,2024-02-25,5,MNT025
STU0428,Mansi Mishra,BATCH-2024-B,CRS002,2024-07-20,6,MNT013
STU0429,Vaishnavi Menon,BATCH-2023-A,CRS013,2023-02-19,8,MNT002
STU0430,Sahil Kumar,BATCH-2023-B,CRS001,2023-08-28,8,MNT003
STU0431,Jatin Patel,BATCH-2024-A,CRS016,2024-03-09,6,MNT021
STU0432,Jayant Singh,BATCH-2024-B,CRS011,2024-08-20,6,MNT029
STU0433,Tanya Mishra,BATCH-2023-A,CRS017,2023-03-14,6,MNT008
STU0434,Akash Hegde,BATCH-2023-B,CRS007,2023-09-10,8,MNT029
STU0435,Varun Das,BATCH-2024-A,CRS019,2024-02-14,6,MNT002
STU0436,Charvi Sharma,BATCH-2024-B,CRS003,2024-08-27,5,MNT029
STU0437,Shivam Mishra,BATCH-2023-A,CRS018,2023-02-20,8,MNT002
STU0438,Aditya Rao,BATCH-2023-B,CRS006,2023-09-12,10,MNT001
STU0439,Siddharth Hegde,BATCH-2024-A,CRS007,2024-02-21,8,MNT025
STU0440,Aarav Srinivasan,BATCH-2024-B,CRS013,2024-09-12,4,MNT010
STU0441,Ojasvi Hegde,BATCH-2023-A,CRS006,2023-02-20,10,MNT019
STU0442,Kartik Iyer,BATCH-2023-B,CRS013,2023-08-27,8,MNT011
STU0443,Chirag Choudhury,BATCH-2024-A,CRS013,2024-03-03,8,MNT005
STU0444,Gauri Iyer,BATCH-2024-B,CRS003,2024-08-16,5,MNT012
STU0445,Mansi Hegde,BATCH-2023-A,CRS002,2023-01-21,6,MNT008
STU0446,Diya Singh,BATCH-2023-B,CRS003,2023-08-05,5,MNT025
STU0447,Ritika Sharma,BATCH-2024-A,CRS020,2024-02-22,4,MNT025
STU0448,Mohan Sharma,BATCH-2024-B,CRS011,2024-07-16,9,MNT009
STU0449,Deeksha Gupta,BATCH-2023-A,CRS015,2023-02-15,10,MNT012
STU0450,Esha Rao,BATCH-2023-B,CRS018,2023-09-13,8,MNT014
STU0451,Ojasvi Joshi,BATCH-2024-A,CRS006,2024-02-27,10,MNT022
STU0452,Dhruv Patel,BATCH-2024-B,CRS013,2024-07-20,8,MNT010
STU0453,Kartik Nair,BATCH-2023-A,CRS008,2023-03-01,6,MNT003
STU0454,Deeksha Nair,BATCH-2023-B,CRS009,2023-07-24,12,MNT023
STU0455,Jayant Agarwal,BATCH-2024-A,CRS005,2024-03-02,8,MNT011
STU0456,Esha Verma,BATCH-2024-B,CRS012,2024-07-21,7,MNT001
STU0457,Gauri Joshi,BATCH-2023-A,CRS010,2023-02-12,10,MNT025
STU0458,Waqar Sharma,BATCH-2023-B,CRS009,2023-07-21,12,MNT003
STU0459,Utkarsh Singh,BATCH-2024-A,CRS006,2024-02-11,10,MNT018
STU0460,Ekta Pillai,BATCH-2024-B,CRS018,2024-08-16,7,MNT004
STU0461,Megha Patel,BATCH-2023-A,CRS001,2023-01-20,8,MNT018
STU0462,Janvi Menon,BATCH-2023-B,CRS003,2023-08-22,5,MNT026
STU0463,Mansi Iyer,BATCH-2024-A,CRS011,2024-03-10,10,MNT001
STU0464,Aditya Mishra,BATCH-2024-B,CRS010,2024-08-10,7,MNT025
STU0465,Charvi Reddy,BATCH-2023-A,CRS003,2023-03-02,5,MNT029
STU0466,Bhavya Pillai,BATCH-2023-B,CRS008,2023-08-20,6,MNT006
STU0467,Eshwar Banerjee,BATCH-2024-A,CRS013,2024-01-25,8,MNT009
STU0468,Ekta Gupta,BATCH-2024-B,CRS010,2024-08-01,7,MNT005
STU0469,Soham Patel,BATCH-2023-A,CRS003,2023-01-25,5,MNT009
STU0470,Pranav Banerjee,BATCH-2023-B,CRS014,2023-08-03,6,MNT026
STU0471,Ritika Reddy,BATCH-2024-A,CRS003,2024-02-07,5,MNT008
STU0472,Bhavya Joshi,BATCH-2024-B,CRS016,2024-08-22,6,MNT007
STU0473,Pallavi Singh,BATCH-2023-A,CRS015,2023-01-21,10,MNT010
STU0474,Pallavi Verma,BATCH-2023-B,CRS001,2023-09-13,8,MNT011
STU0475,Charvi Hegde,BATCH-2024-A,CRS020,2024-02-08,4,MNT015
STU0476,Deeksha Singh,BATCH-2024-B,CRS011,2024-08-11,8,MNT020
STU0477,Daksh Banerjee,BATCH-2023-A,CRS005,2023-02-03,8,MNT020
STU0478,Sahil Sharma,BATCH-2023-B,CRS007,2023-08-14,8,MNT006
STU0479,Falguni Choudhury,BATCH-2024-A,CRS013,2024-02-04,8,MNT024
STU0480,Pallavi Das,BATCH-2024-B,CRS016,2024-09-14,6,MNT026
STU0481,Nishant Choudhury,BATCH-2023-A,CRS008,2023-02-04,6,MNT009
STU0482,Lakshay Sharma,BATCH-2023-B,CRS013,2023-08-07,8,MNT030
STU0483,Keerthi Agarwal,BATCH-2024-A,CRS019,2024-01-27,6,MNT018
STU0484,Vaishnavi Joshi,BATCH-2024-B,CRS006,2024-08-27,7,MNT001
STU0485,Sahil Rao,BATCH-2023-A,CRS015,2023-03-01,10,MNT015
STU0486,Utkarsh Menon,BATCH-2023-B,CRS010,2023-09-06,10,MNT003
STU0487,Zara Sharma,BATCH-2024-A,CRS014,2024-02-27,6,MNT005
STU0488,Kriti Agarwal,BATCH-2024-B,CRS010,2024-07-30,8,MNT022
STU0489,Aarav Menon,BATCH-2023-A,CRS005,2023-03-01,8,MNT026
STU0490,Daksh Rao,BATCH-2023-B,CRS013,2023-07-19,8,MNT020
STU0491,Nishant Verma,BATCH-2024-A,CRS016,2024-02-21,6,MNT018
STU0492,Esha Iyer,BATCH-2024-B,CRS017,2024-09-12,6,MNT014
STU0493,Omkar Mishra,BATCH-2023-A,CRS018,2023-01-17,8,MNT023
STU0494,Dhruv Sharma,BATCH-2023-B,CRS018,2023-08-22,8,MNT030
STU0495,Chirag Singh,BATCH-2024-A,CRS003,2024-01-21,5,MNT022
STU0496,Janvi Agarwal,BATCH-2024-B,CRS012,2024-07-25,8,MNT020
STU0497,Lakshay Gupta,BATCH-2023-A,CRS002,2023-02-20,6,MNT022
STU0498,Janvi Srinivasan,BATCH-2023-B,CRS013,2023-09-14,8,MNT026
STU0499,Yash Verma,BATCH-2024-A,CRS014,2024-01-21,6,MNT004
STU0500,Isha Pillai,BATCH-2024-B,CRS009,2024-07-29,9,MNT024
STU0501,Girish Menon,BATCH-2023-A,CRS017,2023-02-19,6,MNT023
STU0502,Isha Mishra,BATCH-2023-B,CRS019,2023-07-29,6,MNT012
STU0503,Jayant Das,BATCH-2024-A,CRS013,2024-02-13,8,MNT019
STU0504,Varun Kumar,BATCH-2024-B,CRS017,2024-07-24,6,MNT001
STU0505,Soham Joshi,BATCH-2023-A,CRS016,2023-01-21,6,MNT014
STU0506,Tanya Kumar,BATCH-2023-B,CRS003,2023-07-22,5,MNT005
STU0507,Pranav Mishra,BATCH-2024-A,CRS012,2024-02-03,8,MNT015
STU0508,Mohan Das,BATCH-2024-B,CRS007,2024-08-17,7,MNT012
STU0509,Zara Nair,BATCH-2023-A,CRS016,2023-01-21,6,MNT024
STU0510,Neha Menon,BATCH-2023-B,CRS015,2023-08-04,10,MNT010
STU0511,Neha Joshi,BATCH-2024-A,CRS002,2024-03-06,6,MNT004
STU0512,Zara Rao,BATCH-2024-B,CRS001,2024-09-07,6,MNT021
STU0513,Lakshay Agarwal,BATCH-2023-A,CRS004,2023-02-27,6,MNT030
STU0514,Megha Rao,BATCH-2023-B,CRS008,2023-08-17,6,MNT018
STU0515,Charvi Singh,BATCH-2024-A,CRS006,2024-02-05,10,MNT014
STU0516,Deeksha Srinivasan,BATCH-2024-B,CRS015,2024-07-29,8,MNT021
STU0517,Piyush Choudhury,BATCH-2023-A,CRS006,2023-01-26,10,MNT022
STU0518,Jatin Pillai,BATCH-2023-B,CRS014,2023-08-09,6,MNT024
STU0519,Bhargav Sharma,BATCH-2024-A,CRS020,2024-03-11,4,MNT015
STU0520,Trisha Banerjee,BATCH-2024-B,CRS019,2024-08-11,6,MNT001
STU0521,Ishaan Banerjee,BATCH-2023-A,CRS007,2023-01-28,8,MNT025
STU0522,Dhruv Mishra,BATCH-2023-B,CRS003,2023-08-20,5,MNT026
STU0523,Gauri Kumar,BATCH-2024-A,CRS018,2024-01-26,8,MNT011
STU0524,Shivam Gupta,BATCH-2024-B,CRS007,2024-08-13,6,MNT009
STU0525,Harsh Hegde,BATCH-2023-A,CRS016,2023-02-17,6,MNT011
STU0526,Arjun Pillai,BATCH-2023-B,CRS020,2023-08-08,4,MNT013
STU0527,Dhruv Pillai,BATCH-2024-A,CRS019,2024-01-22,6,MNT012
STU0528,Charvi Mishra,BATCH-2024-B,CRS015,2024-08-23,5,MNT027
STU0529,Keerthi Choudhury,BATCH-2023-A,CRS010,2023-03-14,10,MNT019
STU0530,Harsh Banerjee,BATCH-2023-B,CRS003,2023-08-27,5,MNT011
STU0531,Aditi Menon,BATCH-2024-A,CRS004,2024-01-30,6,MNT004
STU0532,Keerthi Srinivasan,BATCH-2024-B,CRS006,2024-08-07,8,MNT005
STU0533,Soham Nair,BATCH-2023-A,CRS017,2023-02-08,6,MNT020
STU0534,Siddharth Menon,BATCH-2023-B,CRS005,2023-08-20,8,MNT014
STU0535,Waqar Choudhury,BATCH-2024-A,CRS006,2024-02-15,10,MNT018
STU0536,Aarav Kumar,BATCH-2024-B,CRS006,2024-08-19,6,MNT016
STU0537,Tanya Choudhury,BATCH-2023-A,CRS010,2023-01-23,10,MNT011
STU0538,Arjun Mishra,BATCH-2023-B,CRS015,2023-08-23,10,MNT028
STU0539,Esha Banerjee,BATCH-2024-A,CRS012,2024-03-15,8,MNT016
STU0540,Jayant Rao,BATCH-2024-B,CRS005,2024-07-27,8,MNT018
STU0541,Esha Sharma,BATCH-2023-A,CRS017,2023-02-25,6,MNT014
STU0542,Kartik Rao,BATCH-2023-B,CRS016,2023-08-10,6,MNT027
STU0543,Piyush Rao,BATCH-2024-A,CRS015,2024-02-15,10,MNT003
STU0544,Deeksha Banerjee,BATCH-2024-B,CRS019,2024-07-16,6,MNT010
STU0545,Gagandeep Joshi,BATCH-2023-A,CRS002,2023-02-01,6,MNT018
STU0546,Chaitanya Reddy,BATCH-2023-B,CRS010,2023-07-25,10,MNT019
STU0547,Arjun Reddy,BATCH-2024-A,CRS016,2024-02-19,6,MNT004
STU0548,Lakshay Pillai,BATCH-2024-B,CRS019,2024-07-22,6,MNT025
STU0549,Sahil Hegde,BATCH-2023-A,CRS018,2023-03-08,8,MNT018
STU0550,Lakshay Nair,BATCH-2023-B,CRS002,2023-09-01,6,MNT015
STU0551,Ritika Patel,BATCH-2024-A,CRS018,2024-01-28,8,MNT004
STU0552,Girish Reddy,BATCH-2024-B,CRS008,2024-08-03,6,MNT015
STU0553,Neha Patel,BATCH-2023-A,CRS009,2023-02-06,12,MNT015
STU0554,Zara Choudhury,BATCH-2023-B,CRS004,2023-09-02,6,MNT007
STU0555,Harsh Das,BATCH-2024-A,CRS019,2024-02-28,6,MNT028
STU0556,Sahil Gupta,BATCH-2024-B,CRS020,2024-08-24,4,MNT006
STU0557,Daksh Reddy,BATCH-2023-A,CRS020,2023-01-23,4,MNT027
STU0558,Isha Agarwal,BATCH-2023-B,CRS007,2023-09-04,8,MNT019
STU0559,Yashika Gupta,BATCH-2024-A,CRS012,2024-02-18,8,MNT020
STU0560,Vaishnavi Pillai,BATCH-2024-B,CRS018,2024-07-25,8,MNT023
STU0561,Diya Pillai,BATCH-2023-A,CRS010,2023-02-02,10,MNT009
STU0562,Diya Choudhury,BATCH-2023-B,CRS017,2023-09-10,6,MNT027
STU0563,Akash Agarwal,BATCH-2024-A,CRS004,2024-01-23,6,MNT030
STU0564,Arjun Choudhury,BATCH-2024-B,CRS002,2024-08-01,6,MNT005
STU0565,Yash Patel,BATCH-2023-A,CRS005,2023-01-30,8,MNT023
STU0566,Rohit Verma,BATCH-2023-B,CRS011,2023-09-06,10,MNT025
STU0567,Arjun Gupta,BATCH-2024-A,CRS013,2024-02-15,8,MNT019
STU0568,Jayant Mishra,BATCH-2024-B,CRS009,2024-08-24,6,MNT013
STU0569,Varun Joshi,BATCH-2023-A,CRS015,2023-01-19,10,MNT026
STU0570,Kartik Joshi,BATCH-2023-B,CRS003,2023-08-09,5,MNT024
STU0571,Akash Pillai,BATCH-2024-A,CRS009,2024-02-28,12,MNT015
STU0572,Farhan Rao,BATCH-2024-B,CRS016,2024-08-04,6,MNT001
STU0573,Kunal Hegde,BATCH-2023-A,CRS003,2023-03-02,5,MNT021
STU0574,Rashmi Patel,BATCH-2023-B,CRS012,2023-09-07,8,MNT026
STU0575,Tanya Srinivasan,BATCH-2024-A,CRS018,2024-02-09,8,MNT014
STU0576,Varun Sharma,BATCH-2024-B,CRS007,2024-08-15,7,MNT011
STU0577,Keerthi Das,BATCH-2023-A,CRS010,2023-02-05,10,MNT019
STU0578,Shivam Agarwal,BATCH-2023-B,CRS005,2023-08-20,8,MNT026
STU0579,Chaitanya Iyer,BATCH-2024-A,CRS011,2024-03-12,10,MNT025
STU0580,Deeksha Pillai,BATCH-2024-B,CRS002,2024-07-17,6,MNT021
STU0581,Charvi Gupta,BATCH-2023-A,CRS015,2023-01-16,10,MNT030
STU0582,Keerthi Hegde,BATCH-2023-B,CRS006,2023-08-12,10,MNT001
STU0583,Gagandeep Menon,BATCH-2024-A,CRS014,2024-01-27,6,MNT030
STU0584,Akash Choudhury,BATCH-2024-B,CRS005,2024-09-09,7,MNT010
STU0585,Akash Gupta,BATCH-2023-A,CRS006,2023-03-11,10,MNT003
STU0586,Keerthi Sharma,BATCH-2023-B,CRS012,2023-07-31,8,MNT012
STU0587,Ojasvi Mishra,BATCH-2024-A,CRS006,2024-01-18,10,MNT021
STU0588,Nishant Reddy,BATCH-2024-B,CRS010,2024-08-30,7,MNT025
STU0589,Shivam Nair,BATCH-2023-A,CRS008,2023-02-11,6,MNT003
STU0590,Lakshay Joshi,BATCH-2023-B,CRS004,2023-07-15,6,MNT016
STU0591,Farhan Patel,BATCH-2024-A,CRS003,2024-01-23,5,MNT008
STU0592,Omkar Joshi,BATCH-2024-B,CRS017,2024-08-27,6,MNT001
STU0593,Harsh Pillai,BATCH-2023-A,CRS001,2023-02-28,8,MNT027
STU0594,Deeksha Mishra,BATCH-2023-B,CRS004,2023-09-08,6,MNT023
STU0595,Nishant Hegde,BATCH-2024-A,CRS005,2024-02-14,8,MNT008
STU0596,Shivam Banerjee,BATCH-2024-B,CRS013,2024-07-20,8,MNT026
STU0597,Keerthi Joshi,BATCH-2023-A,CRS004,2023-01-21,6,MNT012
STU0598,Zara Banerjee,BATCH-2023-B,CRS010,2023-07-23,10,MNT025
STU0599,Pranav Gupta,BATCH-2024-A,CRS005,2024-02-25,8,MNT005
STU0600,Vaishnavi Iyer,BATCH-2024-B,CRS003,2024-08-17,5,MNT001
STU0601,Chirag Das,BATCH-2023-A,CRS020,2023-02-25,4,MNT015
STU0602,Piyush Patel,BATCH-2023-B,CRS012,2023-08-30,8,MNT021
STU0603,Megha Hegde,BATCH-2024-A,CRS005,2024-03-13,8,MNT020
STU0604,Kunal Banerjee,BATCH-2024-B,CRS015,2024-09-08,5,MNT003
STU0605,Daksh Kumar,BATCH-2023-A,CRS004,2023-01-23,6,MNT019
STU0606,Gagandeep Mishra,BATCH-2023-B,CRS013,2023-08-06,8,MNT011
STU0607,Farhan Banerjee,BATCH-2024-A,CRS005,2024-01-30,8,MNT021
STU0608,Hema Srinivasan,BATCH-2024-B,CRS003,2024-07-30,5,MNT020
STU0609,Kunal Das,BATCH-2023-A,CRS020,2023-03-02,4,MNT010
STU0610,Shivam Das,BATCH-2023-B,CRS001,2023-09-07,8,MNT029
STU0611,Ekta Patel,BATCH-2024-A,CRS010,2024-01-28,10,MNT020
STU0612,Jatin Banerjee,BATCH-2024-B,CRS017,2024-07-27,6,MNT013
STU0613,Uday Nair,BATCH-2023-A,CRS010,2023-02-25,10,MNT026
STU0614,Neha Sharma,BATCH-2023-B,CRS008,2023-08-15,6,MNT004
STU0615,Rashmi Srinivasan,BATCH-2024-A,CRS008,2024-02-15,6,MNT020
STU0616,Bhargav Patel,BATCH-2024-B,CRS003,2024-08-17,5,MNT012
STU0617,Siddharth Iyer,BATCH-2023-A,CRS011,2023-01-23,10,MNT028
STU0618,Nikhil Pillai,BATCH-2023-B,CRS019,2023-08-10,6,MNT018
STU0619,Gagandeep Agarwal,BATCH-2024-A,CRS006,2024-03-03,10,MNT025
STU0620,Eshwar Das,BATCH-2024-B,CRS003,2024-07-16,5,MNT003
STU0621,Janvi Joshi,BATCH-2023-A,CRS001,2023-01-31,8,MNT002
STU0622,Janvi Reddy,BATCH-2023-B,CRS002,2023-09-13,6,MNT017
STU0623,Charvi Choudhury,BATCH-2024-A,CRS010,2024-02-24,10,MNT017
STU0624,Tanya Menon,BATCH-2024-B,CRS014,2024-08-11,6,MNT013
STU0625,Girish Sharma,BATCH-2023-A,CRS003,2023-02-24,5,MNT018
STU0626,Lavanya Hegde,BATCH-2023-B,CRS020,2023-07-24,4,MNT003
STU0627,Harsh Gupta,BATCH-2024-A,CRS010,2024-01-20,10,MNT030
STU0628,Lakshay Reddy,BATCH-2024-B,CRS007,2024-09-15,4,MNT018
STU0629,Utkarsh Patel,BATCH-2023-A,CRS011,2023-02-09,10,MNT021
STU0630,Aarav Banerjee,BATCH-2023-B,CRS003,2023-08-03,5,MNT014
STU0631,Tanisha Srinivasan,BATCH-2024-A,CRS008,2024-01-18,6,MNT003
STU0632,Yash Kumar,BATCH-2024-B,CRS014,2024-07-22,6,MNT020
STU0633,Piyush Menon,BATCH-2023-A,CRS020,2023-01-18,4,MNT022
STU0634,Isha Gupta,BATCH-2023-B,CRS006,2023-07-22,10,MNT023
STU0635,Bhargav Rao,BATCH-2024-A,CRS005,2024-02-28,8,MNT006
STU0636,Gagandeep Hegde,BATCH-2024-B,CRS016,2024-09-13,5,MNT017
STU0637,Vivek Pillai,BATCH-2023-A,CRS017,2023-03-06,6,MNT009
STU0638,Rashmi Menon,BATCH-2023-B,CRS006,2023-08-07,10,MNT024
STU0639,Bhavya Singh,BATCH-2024-A,CRS009,2024-03-01,12,MNT025
STU0640,Farhan Choudhury,BATCH-2024-B,CRS001,2024-08-05,7,MNT009
STU0641,Zara Joshi,BATCH-2023-A,CRS017,2023-01-19,6,MNT023
STU0642,Aarav Verma,BATCH-2023-B,CRS019,2023-08-24,6,MNT016
STU0643,Soham Singh,BATCH-2024-A,CRS015,2024-02-16,10,MNT002
STU0644,Keerthi Kumar,BATCH-2024-B,CRS016,2024-09-07,6,MNT006
STU0645,Dhruv Verma,BATCH-2023-A,CRS012,2023-01-25,8,MNT025
STU0646,Keerthi Gupta,BATCH-2023-B,CRS004,2023-09-10,6,MNT022
STU0647,Nikhil Rao,BATCH-2024-A,CRS004,2024-01-29,6,MNT017
STU0648,Jatin Nair,BATCH-2024-B,CRS001,2024-07-17,7,MNT008
STU0649,Omkar Patel,BATCH-2023-A,CRS002,2023-02-14,6,MNT013
STU0650,Tanya Hegde,BATCH-2023-B,CRS005,2023-07-26,8,MNT018
STU0651,Mohan Joshi,BATCH-2024-A,CRS014,2024-01-29,6,MNT008
STU0652,Vaishnavi Agarwal,BATCH-2024-B,CRS014,2024-09-11,6,MNT011
STU0653,Deeksha Reddy,BATCH-2023-A,CRS009,2023-03-08,12,MNT019
STU0654,Gagandeep Choudhury,BATCH-2023-B,CRS012,2023-07-22,8,MNT022
STU0655,Pranav Iyer,BATCH-2024-A,CRS002,2024-01-26,6,MNT026
STU0656,Mohan Kumar,BATCH-2024-B,CRS017,2024-09-15,4,MNT013
STU0657,Mohan Menon,BATCH-2023-A,CRS003,2023-03-12,5,MNT028
STU0658,Ekta Nair,BATCH-2023-B,CRS010,2023-09-02,10,MNT011
STU0659,Gagandeep Banerjee,BATCH-2024-A,CRS003,2024-02-19,5,MNT001
STU0660,Trisha Rao,BATCH-2024-B,CRS012,2024-07-27,8,MNT019
STU0661,Siddharth Choudhury,BATCH-2023-A,CRS010,2023-03-03,10,MNT008
STU0662,Uday Reddy,BATCH-2023-B,CRS015,2023-08-07,10,MNT016
STU0663,Kunal Nair,BATCH-2024-A,CRS007,2024-03-01,8,MNT025
STU0664,Bhavya Rao,BATCH-2024-B,CRS008,2024-07-24,6,MNT030
STU0665,Isha Das,BATCH-2023-A,CRS014,2023-01-16,6,MNT018
STU0666,Eshwar Iyer,BATCH-2023-B,CRS012,2023-08-24,8,MNT029
STU0667,Jatin Agarwal,BATCH-2024-A,CRS001,2024-03-15,8,MNT001
STU0668,Siddharth Pillai,BATCH-2024-B,CRS013,2024-09-07,7,MNT024
STU0669,Aishwarya Banerjee,BATCH-2023-A,CRS010,2023-01-21,10,MNT017
STU0670,Deeksha Iyer,BATCH-2023-B,CRS008,2023-08-10,6,MNT002
STU0671,Varun Choudhury,BATCH-2024-A,CRS005,2024-02-29,8,MNT003
STU0672,Mohan Choudhury,BATCH-2024-B,CRS002,2024-09-11,5,MNT029
STU0673,Vaishnavi Hegde,BATCH-2023-A,CRS017,2023-02-10,6,MNT029
STU0674,Jatin Mishra,BATCH-2023-B,CRS012,2023-08-13,8,MNT003
STU0675,Girish Gupta,BATCH-2024-A,CRS019,2024-01-21,6,MNT005
STU0676,Bhumika Rao,BATCH-2024-B,CRS013,2024-07-19,8,MNT019
STU0677,Siddharth Patel,BATCH-2023-A,CRS002,2023-02-11,6,MNT005
STU0678,Kriti Singh,BATCH-2023-B,CRS008,2023-08-02,6,MNT028
STU0679,Deeksha Joshi,BATCH-2024-A,CRS011,2024-03-14,10,MNT023
STU0680,Uday Verma,BATCH-2024-B,CRS011,2024-08-04,7,MNT009
STU0681,Falguni Verma,BATCH-2023-A,CRS008,2023-01-19,6,MNT005
STU0682,Omkar Verma,BATCH-2023-B,CRS019,2023-07-21,6,MNT004
STU0683,Tanisha Patel,BATCH-2024-A,CRS006,2024-02-12,10,MNT011
STU0684,Chaitanya Rao,BATCH-2024-B,CRS014,2024-07-22,6,MNT012
STU0685,Megha Das,BATCH-2023-A,CRS007,2023-02-12,8,MNT015
STU0686,Neha Das,BATCH-2023-B,CRS009,2023-09-07,12,MNT003
STU0687,Aarav Pillai,BATCH-2024-A,CRS006,2024-03-06,10,MNT010
STU0688,Nikhil Joshi,BATCH-2024-B,CRS020,2024-07-17,4,MNT027
STU0689,Tanya Gupta,BATCH-2023-A,CRS011,2023-01-24,10,MNT023
STU0690,Yash Srinivasan,BATCH-2023-B,CRS008,2023-09-14,6,MNT013
STU0691,Soham Hegde,BATCH-2024-A,CRS017,2024-01-18,6,MNT010
STU0692,Omkar Hegde,BATCH-2024-B,CRS009,2024-09-05,5,MNT001
STU0693,Girish Banerjee,BATCH-2023-A,CRS013,2023-03-10,8,MNT018
STU0694,Rashmi Banerjee,BATCH-2023-B,CRS018,2023-07-30,8,MNT015
STU0695,Ankit Iyer,BATCH-2024-A,CRS004,2024-03-06,6,MNT004
STU0696,Nikhil Choudhury,BATCH-2024-B,CRS001,2024-07-18,7,MNT005
STU0697,Akash Kumar,BATCH-2023-A,CRS007,2023-03-08,8,MNT012
STU0698,Bhargav Hegde,BATCH-2023-B,CRS003,2023-08-21,5,MNT009
STU0699,Daksh Patel,BATCH-2024-A,CRS003,2024-01-16,5,MNT007
STU0700,Rashmi Gupta,BATCH-2024-B,CRS015,2024-09-04,5,MNT003
STU0701,Vaishnavi Banerjee,BATCH-2023-A,CRS011,2023-01-22,10,MNT015
STU0702,Eshwar Agarwal,BATCH-2023-B,CRS002,2023-07-25,6,MNT014
STU0703,Isha Rao,BATCH-2024-A,CRS013,2024-02-15,8,MNT013
STU0704,Kriti Patel,BATCH-2024-B,CRS014,2024-07-26,6,MNT007
STU0705,Lavanya Verma,BATCH-2023-A,CRS006,2023-02-01,10,MNT015
STU0706,Arjun Banerjee,BATCH-2023-B,CRS005,2023-07-17,8,MNT020
STU0707,Trisha Choudhury,BATCH-2024-A,CRS020,2024-01-30,4,MNT010
STU0708,Rohit Gupta,BATCH-2024-B,CRS016,2024-08-10,6,MNT016
STU0709,Pallavi Nair,BATCH-2023-A,CRS002,2023-01-20,6,MNT013
STU0710,Chirag Rao,BATCH-2023-B,CRS005,2023-08-10,8,MNT021
STU0711,Vaishnavi Rao,BATCH-2024-A,CRS017,2024-01-30,6,MNT026
STU0712,Lakshay Hegde,BATCH-2024-B,CRS018,2024-09-03,5,MNT013
STU0713,Aditi Gupta,BATCH-2023-A,CRS012,2023-02-14,8,MNT026
STU0714,Soham Pillai,BATCH-2023-B,CRS016,2023-08-06,6,MNT017
STU0715,Nishant Menon,BATCH-2024-A,CRS011,2024-02-08,10,MNT006
STU0716,Piyush Joshi,BATCH-2024-B,CRS001,2024-08-04,8,MNT008
STU0717,Jayant Iyer,BATCH-2023-A,CRS001,2023-03-13,8,MNT002
STU0718,Soham Reddy,BATCH-2023-B,CRS016,2023-08-17,6,MNT025
STU0719,Megha Joshi,BATCH-2024-A,CRS019,2024-01-29,6,MNT004
STU0720,Aditya Banerjee,BATCH-2024-B,CRS008,2024-08-26,5,MNT009
STU0721,Esha Das,BATCH-2023-A,CRS018,2023-03-08,8,MNT002
STU0722,Omkar Banerjee,BATCH-2023-B,CRS008,2023-08-20,6,MNT012
STU0723,Shivam Verma,BATCH-2024-A,CRS006,2024-01-26,10,MNT019
STU0724,Chirag Nair,BATCH-2024-B,CRS011,2024-09-04,7,MNT023
STU0725,Vaishnavi Patel,BATCH-2023-A,CRS012,2023-03-14,8,MNT001
STU0726,Nishant Rao,BATCH-2023-B,CRS012,2023-09-13,8,MNT019
STU0727,Pranav Joshi,BATCH-2024-A,CRS005,2024-02-20,8,MNT027
STU0728,Kriti Kumar,BATCH-2024-B,CRS016,2024-08-18,6,MNT006
STU0729,Hema Iyer,BATCH-2023-A,CRS016,2023-01-17,6,MNT002
STU0730,Utkarsh Banerjee,BATCH-2023-B,CRS008,2023-08-22,6,MNT001
STU0731,Daksh Joshi,BATCH-2024-A,CRS017,2024-02-14,6,MNT011
STU0732,Pranav Sharma,BATCH-2024-B,CRS020,2024-07-27,4,MNT011
STU0733,Nishant Srinivasan,BATCH-2023-A,CRS006,2023-03-14,10,MNT002
STU0734,Ekta Mishra,BATCH-2023-B,CRS001,2023-07-24,8,MNT023
STU0735,Neha Gupta,BATCH-2024-A,CRS005,2024-03-04,8,MNT028
STU0736,Himani Rao,BATCH-2024-B,CRS017,2024-09-08,6,MNT003
STU0737,Pranav Rao,BATCH-2023-A,CRS012,2023-03-01,8,MNT013
STU0738,Aditi Das,BATCH-2023-B,CRS019,2023-07-21,6,MNT010
STU0739,Akash Reddy,BATCH-2024-A,CRS011,2024-01-23,10,MNT024
STU0740,Girish Singh,BATCH-2024-B,CRS014,2024-09-03,6,MNT016
STU0741,Arjun Verma,BATCH-2023-A,CRS011,2023-01-26,10,MNT018
STU0742,Girish Iyer,BATCH-2023-B,CRS020,2023-09-03,4,MNT008
STU0743,Eshwar Reddy,BATCH-2024-A,CRS019,2024-03-07,6,MNT013
STU0744,Nikhil Srinivasan,BATCH-2024-B,CRS010,2024-08-30,7,MNT010
STU0745,Akash Menon,BATCH-2023-A,CRS005,2023-01-26,8,MNT001
STU0746,Megha Singh,BATCH-2023-B,CRS019,2023-08-09,6,MNT002
STU0747,Eshwar Kumar,BATCH-2024-A,CRS006,2024-02-22,10,MNT030
STU0748,Jayant Verma,BATCH-2024-B,CRS020,2024-07-29,4,MNT019
STU0749,Bhavya Patel,BATCH-2023-A,CRS004,2023-03-15,6,MNT005
STU0750,Isha Srinivasan,BATCH-2023-B,CRS011,2023-08-31,10,MNT008
STU0751,Himani Gupta,BATCH-2024-A,CRS012,2024-02-04,8,MNT021
STU0752,Keerthi Nair,BATCH-2024-B,CRS003,2024-09-05,5,MNT022
STU0753,Soham Kumar,BATCH-2023-A,CRS011,2023-02-12,10,MNT009
STU0754,Nikhil Iyer,BATCH-2023-B,CRS007,2023-07-30,8,MNT003
STU0755,Waqar Agarwal,BATCH-2024-A,CRS012,2024-01-31,8,MNT024
STU0756,Uday Iyer,BATCH-2024-B,CRS001,2024-07-18,8,MNT015
STU0757,Gauri Mishra,BATCH-2023-A,CRS014,2023-01-25,6,MNT016
STU0758,Mansi Choudhury,BATCH-2023-B,CRS013,2023-08-06,8,MNT013
STU0759,Waqar Nair,BATCH-2024-A,CRS004,2024-03-08,6,MNT026
STU0760,Jatin Gupta,BATCH-2024-B,CRS019,2024-08-25,6,MNT008
STU0761,Ritika Srinivasan,BATCH-2023-A,CRS006,2023-02-12,10,MNT026
STU0762,Aishwarya Verma,BATCH-2023-B,CRS002,2023-08-02,6,MNT011
STU0763,Uday Pillai,BATCH-2024-A,CRS009,2024-03-15,12,MNT003
STU0764,Piyush Srinivasan,BATCH-2024-B,CRS011,2024-07-25,8,MNT006
STU0765,Piyush Verma,BATCH-2023-A,CRS003,2023-02-19,5,MNT011
STU0766,Falguni Srinivasan,BATCH-2023-B,CRS020,2023-08-23,4,MNT023
STU0767,Deeksha Menon,BATCH-2024-A,CRS001,2024-02-11,8,MNT006
STU0768,Lavanya Pillai,BATCH-2024-B,CRS020,2024-09-09,4,MNT006
STU0769,Bhumika Das,BATCH-2023-A,CRS002,2023-01-21,6,MNT007
STU0770,Gagandeep Kumar,BATCH-2023-B,CRS007,2023-08-10,8,MNT018
STU0771,Dhruv Gupta,BATCH-2024-A,CRS018,2024-01-31,8,MNT010
STU0772,Rohit Patel,BATCH-2024-B,CRS010,2024-07-30,7,MNT002
STU0773,Aditi Singh,BATCH-2023-A,CRS013,2023-02-20,8,MNT027
STU0774,Chirag Menon,BATCH-2023-B,CRS016,2023-07-24,6,MNT012
STU0775,Ekta Banerjee,BATCH-2024-A,CRS001,2024-02-11,8,MNT010
STU0776,Waqar Joshi,BATCH-2024-B,CRS020,2024-08-14,4,MNT004
STU0777,Uday Srinivasan,BATCH-2023-A,CRS001,2023-01-28,8,MNT021
STU0778,Esha Joshi,BATCH-2023-B,CRS010,2023-09-15,10,MNT016
STU0779,Aishwarya Choudhury,BATCH-2024-A,CRS004,2024-02-03,6,MNT016
STU0780,Rohit Agarwal,BATCH-2024-B,CRS016,2024-09-10,6,MNT009
STU0781,Hema Choudhury,BATCH-2023-A,CRS003,2023-02-25,5,MNT013
STU0782,Hema Nair,BATCH-2023-B,CRS006,2023-08-07,10,MNT012
STU0783,Nikhil Nair,BATCH-2024-A,CRS006,2024-02-12,10,MNT009
STU0784,Himani Mishra,BATCH-2024-B,CRS015,2024-08-13,7,MNT008
STU0785,Aditi Joshi,BATCH-2023-A,CRS009,2023-02-20,12,MNT005
STU0786,Piyush Nair,BATCH-2023-B,CRS004,2023-07-20,6,MNT012
STU0787,Aditya Gupta,BATCH-2024-A,CRS018,2024-02-10,8,MNT008
STU0788,Jatin Hegde,BATCH-2024-B,CRS018,2024-07-18,8,MNT027
STU0789,Siddharth Nair,BATCH-2023-A,CRS017,2023-02-10,6,MNT022
STU0790,Varun Hegde,BATCH-2023-B,CRS016,2023-08-20,6,MNT016
STU0791,Harsh Iyer,BATCH-2024-A,CRS010,2024-01-20,10,MNT029
STU0792,Dhruv Banerjee,BATCH-2024-B,CRS002,2024-08-16,6,MNT029
STU0793,Ankit Hegde,BATCH-2023-A,CRS017,2023-03-07,6,MNT022
STU0794,Kartik Pillai,BATCH-2023-B,CRS020,2023-07-24,4,MNT025
STU0795,Tanya Pillai,BATCH-2024-A,CRS015,2024-01-26,10,MNT007
STU0796,Aditya Reddy,BATCH-2024-B,CRS007,2024-07-23,7,MNT014
STU0797,Soham Sharma,BATCH-2023-A,CRS003,2023-02-27,5,MNT007
STU0798,Pallavi Hegde,BATCH-2023-B,CRS005,2023-09-06,8,MNT009
STU0799,Lavanya Das,BATCH-2024-A,CRS011,2024-03-13,10,MNT030
STU0800,Deeksha Hegde,BATCH-2024-B,CRS003,2024-07-20,5,MNT018
